{
  "title": "Audio Recorder",
  "description": "Record audio and download it",
  "machineName": "H5P.AudioRecorder",
  "majorVersion": 1,
  "minorVersion": 0,
  "patchVersion": 32,
  "runnable": 1,
  "author": "Joubel",
  "license": "MIT",
  "embedTypes": [
    "iframe"
  ],
  "preloadedCss": [
    {
      "path": "fonts/h5p-audio-recorder-font-open-sans.css"
    }
  ],
  "preloadedJs": [
    {
      "path": "dist/h5p-audio-recorder.js"
    }
  ],
  "preloadedDependencies": [
    {
      "machineName": "FontAwesome",
      "majorVersion": 4,
      "minorVersion": 5
    },
    {
      "machineName": "H5P.FontIcons",
      "majorVersion": 1,
      "minorVersion": 0
    }
  ]
}